{"kind":"FETCH","data":{"headers":{},"body":"{\"slug\":\"mouse-pads\",\"name\":\"Mouse Pads\",\"collection_id\":11,\"image_url\":\"https://bevgyjm5apuichhj.public.blob.vercel-storage.com/products/Professional-Landscape-Sketchbook-Set-tjoLO20qpmaWqhzz5NbFwS0nWxeTQp\",\"subcollections\":[{\"id\":2101,\"name\":\"Ergonomic Mouse Pads\",\"category_slug\":\"mouse-pads\",\"subcategories\":[{\"slug\":\"wrist-rest-mouse-pads\",\"name\":\"Wrist Rest Mouse Pads\",\"subcollection_id\":2101,\"image_url\":\"https://bevgyjm5apuichhj.public.blob.vercel-storage.com/subcategories/Mixed-Media-Charcoal-Paper-0FD4xxL8ibUSdtojaGSTACn09up4Ls\"},{\"slug\":\"extended-mouse-pads\",\"name\":\"Extended Mouse Pads\",\"subcollection_id\":2101,\"image_url\":\"https://bevgyjm5apuichhj.public.blob.vercel-storage.com/products/Fabric-Laptop-Sleeve-jbW1eDyNnGOWIM83RNGQeUD7G0R4yV\"},{\"slug\":\"cooling-mouse-pads\",\"name\":\"Cooling Mouse Pads\",\"subcollection_id\":2101,\"image_url\":\"https://bevgyjm5apuichhj.public.blob.vercel-storage.com/products/Pastel-Highlighter-Crayons-WflA6FbI3bnwg9F7AvX5X7kXNpUBp3\"},{\"slug\":\"embroidered-mouse-pads\",\"name\":\"Embroidered Mouse Pads\",\"subcollection_id\":2101,\"image_url\":\"https://bevgyjm5apuichhj.public.blob.vercel-storage.com/products/Spectrum-Noir-Colorless-Blender-Marker-FXWPvjpcjsuBp0XkfokptChtvW6JWh\"},{\"slug\":\"heated-mouse-pads\",\"name\":\"Heated Mouse Pads\",\"subcollection_id\":2101,\"image_url\":\"https://bevgyjm5apuichhj.public.blob.vercel-storage.com/products/earth-tone-pan-pastel-7-I6eyCz9b1Fz1QiI9w5Uad5SHH58R8e\"},{\"slug\":\"wireless-charging-mouse-pads\",\"name\":\"Wireless Charging Mouse Pads\",\"subcollection_id\":2101,\"image_url\":\"https://bevgyjm5apuichhj.public.blob.vercel-storage.com/products/Neon-Crayon-Storage-Pouch-mI7q6j8uSRrCJZ73vWKPs6ypSwNuSw\"},{\"slug\":\"gel-mouse-pads\",\"name\":\"Gel Mouse Pads\",\"subcollection_id\":2101,\"image_url\":\"https://bevgyjm5apuichhj.public.blob.vercel-storage.com/products/metallic-pencil-9-JClqnalYMZSll34bcw7XYEjGZI1xe8\"},{\"slug\":\"memory-foam-mouse-pads\",\"name\":\"Memory Foam Mouse Pads\",\"subcollection_id\":2101,\"image_url\":\"https://bevgyjm5apuichhj.public.blob.vercel-storage.com/products/Copper-Metallic-Ink-EdyVZ8pknVRYSta5OlNxBgmDQ0kqlV\"},{\"slug\":\"customizable-mouse-pads\",\"name\":\"Customizable Mouse Pads\",\"subcollection_id\":2101,\"image_url\":\"https://bevgyjm5apuichhj.public.blob.vercel-storage.com/products/Bee-Paper-Co-Mo-Sketch-Pad-hAVbDumjcZnWy4WrkWVHu3s6HYvdH1\"}]},{\"id\":2102,\"name\":\"Gaming Mouse Pads\",\"category_slug\":\"mouse-pads\",\"subcategories\":[{\"slug\":\"themed-gaming-mouse-pads\",\"name\":\"Themed Gaming Mouse Pads\",\"subcollection_id\":2102,\"image_url\":\"https://bevgyjm5apuichhj.public.blob.vercel-storage.com/products/hard-pastel-set-1-aFupuWXOXxEmnbKGF8KpwnxlChNClG\"},{\"slug\":\"large-surface-gaming-mouse-pads\",\"name\":\"Large Surface Gaming Mouse Pads\",\"subcollection_id\":2102,\"image_url\":\"https://bevgyjm5apuichhj.public.blob.vercel-storage.com/products/Neon-Pastel-Pencils-Blending-Stump-Set-wMQaAEyuLTpi3CRSrSuRSnj5PJOHnn\"},{\"slug\":\"customizable-gaming-mouse-pads\",\"name\":\"Customizable Gaming Mouse Pads\",\"subcollection_id\":2102,\"image_url\":\"https://bevgyjm5apuichhj.public.blob.vercel-storage.com/subcategories/Pastel-Paper-l8A8XvLWLAKAtSYeMdNmKOdLzxi3sc\"},{\"slug\":\"extended-gaming-mouse-pads\",\"name\":\"Extended Gaming Mouse Pads\",\"subcollection_id\":2102,\"image_url\":\"https://bevgyjm5apuichhj.public.blob.vercel-storage.com/products/Beechwood-Studio-Easel-yvEqX1EcqDDiqhqmvJd7k5ogKFFEfG\"},{\"slug\":\"rgb-gaming-mouse-pads\",\"name\":\"RGB Gaming Mouse Pads\",\"subcollection_id\":2102,\"image_url\":\"https://bevgyjm5apuichhj.public.blob.vercel-storage.com/products/Electric-Blue-Pastel-Pencils-Set-zYFN5kjAwdzRfKVHhZokGeuHs7dE2p\"},{\"slug\":\"portable-gaming-mouse-pads\",\"name\":\"Portable Gaming Mouse Pads\",\"subcollection_id\":2102,\"image_url\":\"https://bevgyjm5apuichhj.public.blob.vercel-storage.com/subcategories/Hard-Pastel-Pencils-F6Up3hB8XvsCV8wDlqhxVXvruUe2A1\"},{\"slug\":\"ergonomic-gaming-mouse-pads\",\"name\":\"Ergonomic Gaming Mouse Pads\",\"subcollection_id\":2102,\"image_url\":\"https://bevgyjm5apuichhj.public.blob.vercel-storage.com/products/earth-tone-pan-pastel-9-Pv8jvLmX5OPpnxgX7yTzr8LLzRbq1U\"},{\"slug\":\"anti-slip-gaming-mouse-pads\",\"name\":\"Anti-Slip Gaming Mouse Pads\",\"subcollection_id\":2102,\"image_url\":\"https://bevgyjm5apuichhj.public.blob.vercel-storage.com/categories/gel-pens-9PWj8RuFzeypVZVc05KIK9qghGxMWl\"},{\"slug\":\"textured-gaming-mouse-pads\",\"name\":\"Textured Gaming Mouse Pads\",\"subcollection_id\":2102,\"image_url\":\"https://bevgyjm5apuichhj.public.blob.vercel-storage.com/products/Turpenoid-Natural-AnREoBUpTs9t0cPpkDS4nxBOyt1u9K\"}]},{\"id\":2103,\"name\":\"Custom Printed Mouse Pads\",\"category_slug\":\"mouse-pads\",\"subcategories\":[{\"slug\":\"sports-team-mouse-pads\",\"name\":\"Sports Team Mouse Pads\",\"subcollection_id\":2103,\"image_url\":\"https://bevgyjm5apuichhj.public.blob.vercel-storage.com/products/earth-tone-pan-pastel-8-rpMxg7aVuNynETmIAdJlvqcCxAqgLH\"},{\"slug\":\"artistic-prints\",\"name\":\"Artistic Prints\",\"subcollection_id\":2103,\"image_url\":\"https://bevgyjm5apuichhj.public.blob.vercel-storage.com/products/Metallic-Chalk-Markers-p4AgtJpZAoxvkZiDL0g9jRvsfcefch\"},{\"slug\":\"personalized-designs\",\"name\":\"Personalized Designs\",\"subcollection_id\":2103,\"image_url\":\"https://bevgyjm5apuichhj.public.blob.vercel-storage.com/products/Glow-in-the-Dark-Crayons-Set-(Neon-Colors)-cyq3rejy273AvITBlaO7k0rtM5pLdg\"},{\"slug\":\"photo-collage-mouse-pads\",\"name\":\"Photo Collage Mouse Pads\",\"subcollection_id\":2103,\"image_url\":\"https://bevgyjm5apuichhj.public.blob.vercel-storage.com/products/Charcoal-Fixative-Spray-T2daqHACTrFPsJerhpSdRmcZ12cIRS\"},{\"slug\":\"business-promotional-mouse-pads\",\"name\":\"Business Promotional Mouse Pads\",\"subcollection_id\":2103,\"image_url\":\"https://bevgyjm5apuichhj.public.blob.vercel-storage.com/products/Mungyo-Gallery-Soft-Pastels-(Set-of-48)-goxMRsLpIsiyikTxJy8TcNiTj2wCfp\"},{\"slug\":\"corporate-branding-mouse-pads\",\"name\":\"Corporate Branding Mouse Pads\",\"subcollection_id\":2103,\"image_url\":\"https://bevgyjm5apuichhj.public.blob.vercel-storage.com/products/oil-pastel-40-BOBrrGjLqvENpNfVp4gWjVVvAjCnCF\"}]},{\"id\":2104,\"name\":\"Gel Mouse Pads\",\"category_slug\":\"mouse-pads\",\"subcategories\":[{\"slug\":\"color-changing-gel-mouse-pads\",\"name\":\"Color Changing Gel Mouse Pads\",\"subcollection_id\":2104,\"image_url\":\"https://bevgyjm5apuichhj.public.blob.vercel-storage.com/products/Microsoft-Surface-Pro-7-9VSyf4vBux9tX9BY0fTmSXsU4DD45I\"},{\"slug\":\"gaming-gel-mouse-pads\",\"name\":\"Gaming Gel Mouse Pads\",\"subcollection_id\":2104,\"image_url\":\"https://bevgyjm5apuichhj.public.blob.vercel-storage.com/products/Rose-Gold-Metallic-Pencil-Eraser-se9y7Y4mPsg5TaCu5Ha9br2IAV4O05\"},{\"slug\":\"customizable-gel-mouse-pads\",\"name\":\"Customizable Gel Mouse Pads\",\"subcollection_id\":2104,\"image_url\":\"https://bevgyjm5apuichhj.public.blob.vercel-storage.com/products/Scented-Vinyl-Erasers-bOA4od2Ib2m7BZ6mlJaanEfagBidv9\"},{\"slug\":\"eco-friendly-gel-mouse-pads\",\"name\":\"Eco-Friendly Gel Mouse Pads\",\"subcollection_id\":2104,\"image_url\":\"https://bevgyjm5apuichhj.public.blob.vercel-storage.com/products/Leather-bound-Portrait-Sketchbook-K4hEyXlzVtB8yEdK2miDGVEt4ItwRk\"},{\"slug\":\"ergonomic-gel-mouse-pads\",\"name\":\"Ergonomic Gel Mouse Pads\",\"subcollection_id\":2104,\"image_url\":\"https://bevgyjm5apuichhj.public.blob.vercel-storage.com/products/TouchFive-Dual-Tip-Markers-Set-F3Cn0B8eoV02VNltPn3LvtDlSAOLOU\"},{\"slug\":\"wrist-support-gel-mouse-pads\",\"name\":\"Wrist Support Gel Mouse Pads\",\"subcollection_id\":2104,\"image_url\":\"https://bevgyjm5apuichhj.public.blob.vercel-storage.com/products/Art-Nouveau-Floral-Embroidery-Kit-vnfY2Ibq1cT1yVL5Cz2bAqSaLn8zxI\"},{\"slug\":\"large-surface-gel-mouse-pads\",\"name\":\"Large Surface Gel Mouse Pads\",\"subcollection_id\":2104,\"image_url\":\"https://bevgyjm5apuichhj.public.blob.vercel-storage.com/products/sketching-set-9-8ZbKSStzZZrlhH0dOcBFuA5XlvW2Z4\"},{\"slug\":\"luxury-gel-mouse-pads\",\"name\":\"Luxury Gel Mouse Pads\",\"subcollection_id\":2104,\"image_url\":\"https://bevgyjm5apuichhj.public.blob.vercel-storage.com/products/Dreamlike-Canvas-CsT7159svdmFoZOMJv9jU1sDUoizJw\"},{\"slug\":\"themed-gel-mouse-pads\",\"name\":\"Themed Gel Mouse Pads\",\"subcollection_id\":2104,\"image_url\":\"https://bevgyjm5apuichhj.public.blob.vercel-storage.com/products/Lascaux-UV-Protect-2-Fixative-Spray-LAX2RdycQFyjtisTJtO3b7cqEPHv2W\"},{\"slug\":\"graphic-designed-gel-mouse-pads\",\"name\":\"Graphic Designed Gel Mouse Pads\",\"subcollection_id\":2104,\"image_url\":\"https://bevgyjm5apuichhj.public.blob.vercel-storage.com/products/Bulk-Pack-of-Vine-Charcoal-Sticks-3xrZ9Jj7AksnssUKEBZfiWEZ3tbUcY\"}]},{\"id\":2105,\"name\":\"Wireless Charging Mouse Pads\",\"category_slug\":\"mouse-pads\",\"subcategories\":[{\"slug\":\"desk-organizer-mouse-pads\",\"name\":\"Desk Organizer Mouse Pads\",\"subcollection_id\":2105,\"image_url\":\"https://bevgyjm5apuichhj.public.blob.vercel-storage.com/subcategories/Graphic-Tablets-5rqdyPVmWXIFmDMzQGQT6Gn46sXbmD\"},{\"slug\":\"rgb-mouse-pads\",\"name\":\"RGB Mouse Pads\",\"subcollection_id\":2105,\"image_url\":\"https://bevgyjm5apuichhj.public.blob.vercel-storage.com/products/Magnetic-Metallic-Pencil-Holder-ewOAFW1VfaYlm4dkQYGyO2DysfIEHG\"},{\"slug\":\"leather-mouse-pads\",\"name\":\"Leather Mouse Pads\",\"subcollection_id\":2105,\"image_url\":\"https://bevgyjm5apuichhj.public.blob.vercel-storage.com/products/charcoal-drawing-4-sWDTsWzxr3MJTkNB0NNwK2jtS5eufb\"},{\"slug\":\"standard-size-mouse-pads\",\"name\":\"Standard Size Mouse Pads\",\"subcollection_id\":2105,\"image_url\":\"https://bevgyjm5apuichhj.public.blob.vercel-storage.com/subcategories/willow-charcoal-stick-cpMdxz9qW50PuguP9wNQwbYhVJeWnb\"},{\"slug\":\"non-slip-mouse-pads\",\"name\":\"Non-Slip Mouse Pads\",\"subcollection_id\":2105,\"image_url\":\"https://bevgyjm5apuichhj.public.blob.vercel-storage.com/products/Turquoise-Pastel-Pencil-Art-Prints-Collection-iIHK5yHgoKS7e0vOyFAHxPLTL0jTmp\"},{\"slug\":\"gaming-mouse-pads\",\"name\":\"Gaming Mouse Pads\",\"subcollection_id\":2105,\"image_url\":\"https://bevgyjm5apuichhj.public.blob.vercel-storage.com/products/muted-pencil-7-j3SVD0FQlUrFhEOCeQuBNmD5s0htDO\"},{\"slug\":\"custom-printed-mouse-pads\",\"name\":\"Custom Printed Mouse Pads\",\"subcollection_id\":2105,\"image_url\":\"https://bevgyjm5apuichhj.public.blob.vercel-storage.com/products/Strathmore-300-Series-Charcoal-Paper-Roll-kpTWAi9RKwECCyxXDWMfzTROBAUmaJ\"},{\"slug\":\"wireless-charging-mouse-pads-with-wrist-rest\",\"name\":\"Wireless Charging Mouse Pads with Wrist Rest\",\"subcollection_id\":2105,\"image_url\":\"https://bevgyjm5apuichhj.public.blob.vercel-storage.com/products/Floral-Watercolor-Brush-Pen-Set-6cPxYIP0V7iQVkuoKHR4Jd54OaHJPt\"},{\"slug\":\"waterproof-mouse-pads\",\"name\":\"Waterproof Mouse Pads\",\"subcollection_id\":2105,\"image_url\":\"https://bevgyjm5apuichhj.public.blob.vercel-storage.com/products/6b-pencil-6-aXcmRdHq1VU2P3vCvZJJ9UKzfv2Jo5\"},{\"slug\":\"extended-size-mouse-pads\",\"name\":\"Extended Size Mouse Pads\",\"subcollection_id\":2105,\"image_url\":\"https://bevgyjm5apuichhj.public.blob.vercel-storage.com/products/Liquitex-Matte-Medium-Hp1gGbtKEH0QWJWmWW3beB1RVDMWg2\"}]},{\"id\":2106,\"name\":\"LED Mouse Pads\",\"category_slug\":\"mouse-pads\",\"subcategories\":[{\"slug\":\"gaming-led-mouse-pads\",\"name\":\"Gaming LED Mouse Pads\",\"subcollection_id\":2106,\"image_url\":\"https://bevgyjm5apuichhj.public.blob.vercel-storage.com/products/Mixed-Media-Sketchbook-Set-3lNTxVeU39nNn3GrE2ATngUZhJGLoW\"},{\"slug\":\"office-led-mouse-pads\",\"name\":\"Office LED Mouse Pads\",\"subcollection_id\":2106,\"image_url\":\"https://bevgyjm5apuichhj.public.blob.vercel-storage.com/products/Art-Nouveau-Ceramic-Coaster-Set-NTwNjXETR9f3KSh2iuuCKABIm16BG9\"},{\"slug\":\"extended-led-mouse-pads\",\"name\":\"Extended LED Mouse Pads\",\"subcollection_id\":2106,\"image_url\":\"https://bevgyjm5apuichhj.public.blob.vercel-storage.com/products/Dr.-Ph-vZtIlJiymeiUH7Gvqd9Stn6TjL0OEz.-Martin's-Bombay-India-Ink\"},{\"slug\":\"themed-led-mouse-pads\",\"name\":\"Themed LED Mouse Pads\",\"subcollection_id\":2106,\"image_url\":\"https://bevgyjm5apuichhj.public.blob.vercel-storage.com/products/Pastel-Fineliner-Calligraphy-Pens-jLaItSKFSayInhaWIQeiBcWpq3mnYO\"},{\"slug\":\"futuristic-led-mouse-pads\",\"name\":\"Futuristic LED Mouse Pads\",\"subcollection_id\":2106,\"image_url\":\"https://bevgyjm5apuichhj.public.blob.vercel-storage.com/subcategories/professional-sketching-pencils-4S8bqKqr2T5GKAAXyC6ySn7Tctff5B\"},{\"slug\":\"desk-mat-led-mouse-pads\",\"name\":\"Desk Mat LED Mouse Pads\",\"subcollection_id\":2106,\"image_url\":\"https://bevgyjm5apuichhj.public.blob.vercel-storage.com/subcategories/charcoal-pencils-L9UKmURa0gtZGpdvxKz6XHE6uZyJ1V\"},{\"slug\":\"eco-friendly-led-mouse-pads\",\"name\":\"Eco-Friendly LED Mouse Pads\",\"subcollection_id\":2106,\"image_url\":\"https://bevgyjm5apuichhj.public.blob.vercel-storage.com/products/Mini-Travel-Makeup-Case-CPLpUIAdYfcATKopJSPHdDF7z48ZF8\"},{\"slug\":\"customizable-led-mouse-pads\",\"name\":\"Customizable LED Mouse Pads\",\"subcollection_id\":2106,\"image_url\":\"https://bevgyjm5apuichhj.public.blob.vercel-storage.com/products/choice-set-5-ILSO7GbQCzczoAZuIZSL26a1ckzk3N\"},{\"slug\":\"wireless-led-mouse-pads\",\"name\":\"Wireless LED Mouse Pads\",\"subcollection_id\":2106,\"image_url\":\"https://bevgyjm5apuichhj.public.blob.vercel-storage.com/products/Staedtler-Mars-Plastic-Kneaded-Eraser-qpcjeihJVXrbFZmm9S41DbxCO3Udde\"},{\"slug\":\"rgb-led-mouse-pads\",\"name\":\"RGB LED Mouse Pads\",\"subcollection_id\":2106,\"image_url\":\"https://bevgyjm5apuichhj.public.blob.vercel-storage.com/products/Minimalist-Black-and-White-Throw-Pillow-4FXr8njU1kv2pshvINJBfUBZFdFr4t\"}]},{\"id\":2107,\"name\":\"Non-Slip Mouse Pads\",\"category_slug\":\"mouse-pads\",\"subcategories\":[{\"slug\":\"wrist-support-mouse-pads\",\"name\":\"Wrist Support Mouse Pads\",\"subcollection_id\":2107,\"image_url\":\"https://bevgyjm5apuichhj.public.blob.vercel-storage.com/products/Shimmering-Silver-Pastel-Pencils-Set-of-12-M14BACOEedXWPPHibMLDRjaul77Ql5\"},{\"slug\":\"eco-friendly-mouse-pads\",\"name\":\"Eco-Friendly Mouse Pads\",\"subcollection_id\":2107,\"image_url\":\"https://bevgyjm5apuichhj.public.blob.vercel-storage.com/products/4h-pencil-33ldljZcB5hwpjkNd4Ngk9BAWQ4ex7\"},{\"slug\":\"decorative-mouse-pads\",\"name\":\"Decorative Mouse Pads\",\"subcollection_id\":2107,\"image_url\":\"https://bevgyjm5apuichhj.public.blob.vercel-storage.com/products/Conte-Crayon-Sketching-Set-VuQGdNNKtYehtBLDBvtBANCI8R9YPu\"},{\"slug\":\"office-mouse-pads\",\"name\":\"Office Mouse Pads\",\"subcollection_id\":2107,\"image_url\":\"https://bevgyjm5apuichhj.public.blob.vercel-storage.com/products/Waterproof-Calligraphy-Ink-NcbW7BPsorkXs9y5O9Irg8hjo90j3y\"},{\"slug\":\"ergonomic-mouse-pads\",\"name\":\"Ergonomic Mouse Pads\",\"subcollection_id\":2107,\"image_url\":\"https://bevgyjm5apuichhj.public.blob.vercel-storage.com/products/White-Calligraphy-Ink-EBSI8wNvpX4VhtPPPf07nxsRrnksOh\"},{\"slug\":\"textured-surface-mouse-pads\",\"name\":\"Textured Surface Mouse Pads\",\"subcollection_id\":2107,\"image_url\":\"https://bevgyjm5apuichhj.public.blob.vercel-storage.com/products/Portable-Electric-Eraser-kkUfVKc68iitMk3cNcN1rDcnWgyY9j\"},{\"slug\":\"artistic-design-mouse-pads\",\"name\":\"Artistic Design Mouse Pads\",\"subcollection_id\":2107,\"image_url\":\"https://bevgyjm5apuichhj.public.blob.vercel-storage.com/products/Alcohol-Ink-Art-Panels-TwQuROqQOMxk2cDRAXCpSqXcbfLr6T\"}]},{\"id\":2108,\"name\":\"Large Mouse Pads\",\"category_slug\":\"mouse-pads\",\"subcategories\":[{\"slug\":\"colored-mouse-pads\",\"name\":\"Colored Mouse Pads\",\"subcollection_id\":2108,\"image_url\":\"https://bevgyjm5apuichhj.public.blob.vercel-storage.com/products/Surrealism-Sculpting-Kit-gyEPBvtWrwu0pKnxq2F2vN6MmY9un2\"},{\"slug\":\"textured-mouse-pads\",\"name\":\"Textured Mouse Pads\",\"subcollection_id\":2108,\"image_url\":\"https://bevgyjm5apuichhj.public.blob.vercel-storage.com/products/Bronze-Metallic-Pencils-Charcoal-Blend-rhBdP7ad7kWCWtftR9FlzWkASZDBWM\"},{\"slug\":\"themed-mouse-pads\",\"name\":\"Themed Mouse Pads\",\"subcollection_id\":2108,\"image_url\":\"https://bevgyjm5apuichhj.public.blob.vercel-storage.com/products/Neon-Crayon-Storage-Tube-Zkn5NLWd9wEi33NzLHcI6Y76VuTT14\"},{\"slug\":\"corporate-mouse-pads\",\"name\":\"Corporate Mouse Pads\",\"subcollection_id\":2108,\"image_url\":\"https://bevgyjm5apuichhj.public.blob.vercel-storage.com/products/Speedball-Super-Black-India-Ink-6eShy2nN2wwdGDr8YhQFrs6Z8fWNHL\"}]},{\"id\":2109,\"name\":\"Themed Mouse Pads\",\"category_slug\":\"mouse-pads\",\"subcategories\":[{\"slug\":\"seasonal-mouse-pads\",\"name\":\"Seasonal Mouse Pads\",\"subcollection_id\":2109,\"image_url\":\"https://bevgyjm5apuichhj.public.blob.vercel-storage.com/products/Multi-Media-Travel-Sketchbook-V12xVQg0zoLphqpmAj7bdWOoXqQqVJ\"},{\"slug\":\"vintage-style-mouse-pads\",\"name\":\"Vintage Style Mouse Pads\",\"subcollection_id\":2109,\"image_url\":\"https://bevgyjm5apuichhj.public.blob.vercel-storage.com/subcategories/Renaissance-9YEiQ2N72pWXCFkAB0MfhwQGq8Om4x\"},{\"slug\":\"pop-culture-mouse-pads\",\"name\":\"Pop Culture Mouse Pads\",\"subcollection_id\":2109,\"image_url\":\"https://bevgyjm5apuichhj.public.blob.vercel-storage.com/products/Impressionist-Brush-Cleaner-DesPCe6IymziYeq4ft638vTAhg3WPu\"},{\"slug\":\"abstract-art-mouse-pads\",\"name\":\"Abstract Art Mouse Pads\",\"subcollection_id\":2109,\"image_url\":\"https://bevgyjm5apuichhj.public.blob.vercel-storage.com/products/Fabric-Markers-for-T-Shirts-Pack-of-12-7qXMg9P2nFUg8fAbhwDg4GlDwsNcGu\"},{\"slug\":\"animal-themed-mouse-pads\",\"name\":\"Animal-Themed Mouse Pads\",\"subcollection_id\":2109,\"image_url\":\"https://bevgyjm5apuichhj.public.blob.vercel-storage.com/products/Leather-Bound-Travel-Sketchbook-i350vU1n6my8trxFdugptKqdJwxGKL\"},{\"slug\":\"sports-themed-mouse-pads\",\"name\":\"Sports-Themed Mouse Pads\",\"subcollection_id\":2109,\"image_url\":\"https://bevgyjm5apuichhj.public.blob.vercel-storage.com/products/hard-charcoal-1-F6lML24liezhL6SS9lvn6HkxQX9SgB\"},{\"slug\":\"inspirational-quote-mouse-pads\",\"name\":\"Inspirational Quote Mouse Pads\",\"subcollection_id\":2109,\"image_url\":\"https://bevgyjm5apuichhj.public.blob.vercel-storage.com/products/square-charcoal-pencils-QiBXjjfWraEijOXqvvjlc39vBR8XG8\"},{\"slug\":\"nature-themed-mouse-pads\",\"name\":\"Nature-Themed Mouse Pads\",\"subcollection_id\":2109,\"image_url\":\"https://bevgyjm5apuichhj.public.blob.vercel-storage.com/products/Refillable-Pencil-Cap-Erasers-ffOiqHxiI88S92RFnfAt0XFCNJuwXW\"},{\"slug\":\"fictional-character-mouse-pads\",\"name\":\"Fictional Character Mouse Pads\",\"subcollection_id\":2109,\"image_url\":\"https://bevgyjm5apuichhj.public.blob.vercel-storage.com/products/Hardcover-Dot-Grid-Journal-N13GqTFxOOQXrpM8ZeEATXS6wx545W\"}]},{\"id\":2110,\"name\":\"Natural Rubber Mouse Pads\",\"category_slug\":\"mouse-pads\",\"subcategories\":[{\"slug\":\"promotional-mouse-pads\",\"name\":\"Promotional Mouse Pads\",\"subcollection_id\":2110,\"image_url\":\"https://bevgyjm5apuichhj.public.blob.vercel-storage.com/products/soft-lead-03-mjM3wNQ618FGQFQtRexNekAmpxwJGa\"},{\"slug\":\"business-branded-mouse-pads\",\"name\":\"Business Branded Mouse Pads\",\"subcollection_id\":2110,\"image_url\":\"https://bevgyjm5apuichhj.public.blob.vercel-storage.com/products/Recycled-Paper-Fixative-Spray-xqGLH1Y83rhdLkrmncn5khL6ALPQTv\"},{\"slug\":\"thick-mouse-pads\",\"name\":\"Thick Mouse Pads\",\"subcollection_id\":2110,\"image_url\":\"https://bevgyjm5apuichhj.public.blob.vercel-storage.com/products/artist-grade-6-JuVBdNL69fzKMzNaQ3lStlPDZL2iYb\"},{\"slug\":\"stylish-mouse-pads\",\"name\":\"Stylish Mouse Pads\",\"subcollection_id\":2110,\"image_url\":\"https://bevgyjm5apuichhj.public.blob.vercel-storage.com/products/Jacquard-Krylon-Workable-Fixatif-Spray-LFKhR50DsDzR0B3u8I4T8U9KeeuYrO\"},{\"slug\":\"desk-accessories\",\"name\":\"Desk Accessories\",\"subcollection_id\":2110,\"image_url\":\"https://bevgyjm5apuichhj.public.blob.vercel-storage.com/subcategories/Cleaning-Kits-vQa6DGHAqBK24dUgqAtdoBmGI3S7up\"},{\"slug\":\"artistic-mouse-pads\",\"name\":\"Artistic Mouse Pads\",\"subcollection_id\":2110,\"image_url\":\"https://bevgyjm5apuichhj.public.blob.vercel-storage.com/products/Caran-d'Ache-Neocolor-II-Water-Soluble-Pastels-LQMMqdB19lhoJh6lVcraIqS893r7jP\"}]}]}","status":200,"url":""},"revalidate":7200,"tags":[]}